;Geoname_ID;Name;Country_Code;Country_name;Population;Elevation;Timezone;Coordinates
319;1625084;Tangerang;ID;Indonesia;1911914;18;Asia/Jakarta;-6.17806, 106.63
343;1642548;Jepara;ID;Indonesia;1257912;5;Asia/Jakarta;-6.5924, 110.671
418;1253405;Varanasi;IN;India;1164404;86;Asia/Kolkata;25.31668, 83.01041
515;1275841;Bhopal;IN;India;1599914;523;Asia/Kolkata;23.25469, 77.40289
531;1279259;Agra;IN;India;1430055;166;Asia/Kolkata;27.18333, 78.01667
539;94787;Kirkuk;IQ;Iraq;1031000;346;Asia/Baghdad;35.46806, 44.39222
542;99071;Al Mawsil al Jadidah;IQ;Iraq;2065597;239;Asia/Baghdad;36.33271, 43.10555
700;2618425;Copenhagen;DK;Denmark;1153615;14;Europe/Copenhagen;55.67594, 12.56553
1383;501175;Rostov-na-Donu;RU;Russian Federation;1130305;74;Europe/Moscow;47.23135, 39.72328
2196;1788534;Xinyang;CN;China;1230042;89;Asia/Shanghai;32.12278, 114.06556
2199;1791636;Weinan;CN;China;1199290;354;Asia/Shanghai;34.50355, 109.50891
2206;1795270;Shijiazhuang;CN;China;3938513;77;Asia/Shanghai;38.04139, 114.47861
2240;1808370;Hengyang;CN;China;1075516;66;Asia/Shanghai;26.88946, 112.61888
2271;2038180;Changchun;CN;China;4714996;206;Asia/Shanghai;43.88, 125.32278
2894;1298824;Yangon;MM;Myanmar;4477638;30;Asia/Yangon;16.80528, 96.15611
3173;1283240;Kathmandu;NP;Nepal;1442271;1296;Asia/Kathmandu;27.70169, 85.3206
3886;2331447;Maiduguri;NG;Nigeria;1110000;325;Africa/Lagos;11.84692, 13.15712
4350;964420;Port Elizabeth;ZA;South Africa;1050078;61;Africa/Johannesburg;-33.96109, 25.61494
4408;170654;Damascus;SY;Syrian Arab Republic;1569394;701;Asia/Damascus;33.5102, 36.29128
4480;3369157;Cape Town;ZA;South Africa;4710000;25;Africa/Johannesburg;-33.92584, 18.42322
5117;1138958;Kabul;AF;Afghanistan;4434550;1798;Asia/Kabul;34.52813, 69.17233
5329;3405870;Belem;BR;Brazil;1499641;15;America/Belem;-1.45583, -48.50444
5584;1803318;Linyi;CN;China;2743843;69;Asia/Shanghai;35.06306, 118.34278
5654;2036892;Hohhot;CN;China;2350000;1051;Asia/Shanghai;40.81056, 111.65222
7493;99072;Mosul;IQ;Iraq;1683000;228;Asia/Baghdad;36.335, 43.11889
7494;99532;Basrah;IQ;Iraq;1326564;4;Asia/Baghdad;30.50852, 47.7804
8063;2427123;N'Djamena;TD;Chad;1359526;299;Africa/Ndjamena;12.10672, 15.0444
8648;4726206;San Antonio;US;United States;1434625;202;America/Chicago;29.42412, -98.49363
9408;308464;Kayseri;TR;Turkey;1204641;1054;Europe/Istanbul;38.73222, 35.48528
9704;1838524;Busan;KR;Korea, Republic of;3678555;15;Asia/Seoul;35.10168, 129.03004
9710;1897000;Seongnam-si;KR;Korea, Republic of;1031935;80;Asia/Seoul;37.43861, 127.13778
9837;890299;Harare;ZW;Zimbabwe;1542813;1494;Africa/Harare;-17.82772, 31.05337
10173;499099;Samara;RU;Russian Federation;1163399;117;Europe/Samara;53.20007, 50.15
10420;479561;Ufa;RU;Russian Federation;1120547;158;Asia/Yekaterinburg;54.74306, 55.96779
10573;104515;Mecca;SA;Saudi Arabia;1578722;333;Asia/Riyadh;21.42664, 39.82563
10657;1166993;Rawalpindi;PK;Pakistan;1743101;501;Asia/Karachi;33.59733, 73.0479
10666;1174872;Karachi;PK;Pakistan;11624219;8;Asia/Karachi;24.8608, 67.0104
11987;1787227;Yangzhou;CN;China;1584237;14;Asia/Shanghai;32.39722, 119.43583
11989;1787858;Shangrao;CN;China;1116486;84;Asia/Shanghai;28.45179, 117.94287
11996;1790587;Xiangyang;CN;China;1294733;71;Asia/Shanghai;32.0422, 112.14479
12014;1797318;Qujing;CN;China;1408500;1887;Asia/Shanghai;25.48333, 103.78333
12022;1799869;Nanning;CN;China;3839800;91;Asia/Shanghai;22.81667, 108.31667
12033;1807681;Huainan;CN;China;1666826;47;Asia/Shanghai;32.62639, 116.99694
12102;8533133;Liupanshui;CN;China;1320825;1799;Asia/Shanghai;26.59444, 104.83333
12162;3553478;Havana;CU;Cuba;2163824;41;America/Havana;23.13302, -82.38304
12510;1185241;Dhaka;BD;Bangladesh;10356500;23;Asia/Dhaka;23.7104, 90.40744
13490;3981609;Tijuana;MX;Mexico;1922523;97;America/Tijuana;32.5027, -117.00371
13612;1642911;Jakarta;ID;Indonesia;8540121;16;Asia/Jakarta;-6.21462, 106.84513
13632;6295587;Batam;ID;Indonesia;1164352;38;Asia/Jakarta;1.14937, 104.02491
13779;1271951;Faridabad;IN;India;1220229;209;Asia/Kolkata;28.41124, 77.31316
13792;1275004;Kolkata;IN;India;4631392;11;Asia/Kolkata;22.56263, 88.36304
13808;94824;Karbala;IQ;Iraq;1218732;32;Asia/Baghdad;32.61603, 44.02488
13968;3173435;Milan;IT;Italy;1371498;127;Europe/Rome;45.46427, 9.18951
14529;2530335;Tangier;MA;Morocco;1035141;20;Africa/Casablanca;35.76727, -5.79975
14589;2335953;Jos;NG;Nigeria;1040000;1186;Africa/Lagos;9.92849, 8.89212
14593;2339354;Ibadan;NG;Nigeria;3649000;181;Africa/Lagos;7.37756, 3.90591
15121;323786;Ankara;TR;Turkey;3517182;874;Europe/Istanbul;39.91987, 32.85427
15618;520555;Nizhniy Novgorod;RU;Russian Federation;1259013;141;Europe/Moscow;56.32867, 44.00205
15624;524901;Moscow;RU;Russian Federation;10381222;144;Europe/Moscow;55.75222, 37.61556
15747;365137;Omdurman;SD;Sudan, The Republic of;1200000;391;Africa/Khartoum;15.64453, 32.47773
15749;379252;Khartoum;SD;Sudan, The Republic of;1974647;381;Africa/Khartoum;15.55177, 32.53241
15845;1177662;Gujranwala;PK;Pakistan;1384471;230;Asia/Karachi;32.15567, 74.18705
16735;2357048;Ouagadougou;BF;Burkina Faso;2415266;299;Africa/Ouagadougou;12.36566, -1.53388
16758;3904906;Santa Cruz de la Sierra;BO;Bolivia;1831434;433;America/La_Paz;-17.78629, -63.18117
16988;1784853;Zhaoqing;CN;China;1553109;16;Asia/Shanghai;23.04893, 112.46091
17007;1790923;Wuxi;CN;China;4396835;10;Asia/Shanghai;31.56887, 120.28857
17016;1793505;Taizhou;CN;China;1607108;10;Asia/Shanghai;32.49069, 119.90812
17018;1793771;Suqian;CN;China;1437685;23;Asia/Shanghai;33.94917, 118.29583
17036;1800818;Meishan;CN;China;1107742;423;Asia/Shanghai;30.04392, 103.83696
17078;1815456;Changzhou;CN;China;3290918;9;Asia/Shanghai;31.77359, 119.95401
17109;7576887;Hezhou;CN;China;1005490;106;Asia/Shanghai;24.40357, 111.56675
18133;1273865;Coimbatore;IN;India;2136916;425;Asia/Kolkata;11.00555, 76.96612
18161;1278710;Amritsar;IN;India;1092450;244;Asia/Kolkata;31.62234, 74.87534
19229;1311874;Mandalay;MM;Myanmar;1208099;83;Asia/Yangon;21.97473, 96.08359
19960;1862415;Hiroshima;JP;Japan;1199391;16;Asia/Tokyo;34.4, 132.45
19982;6940394;Saitama;JP;Japan;1324854;16;Asia/Tokyo;35.90807, 139.65657
20240;2332459;Lagos;NG;Nigeria;15388000;11;Africa/Lagos;6.45407, 3.39467
20243;2337639;Ilorin;NG;Nigeria;1080000;320;Africa/Lagos;8.49664, 4.54214
20600;5133273;Queens;US;United States;2272771;13;America/New_York;40.68149, -73.83652
20647;3646738;Caracas;VE;Venezuela, Bolivarian Rep. of;3000000;887;America/Caracas;10.48801, -66.87919
20684;1007311;Durban;ZA;South Africa;3120282;21;Africa/Johannesburg;-29.8579, 31.0292
20805;3663517;Manaus;BR;Brazil;2219580;20;America/Manaus;-3.10194, -60.025
20836;5946768;Edmonton;CA;Canada;1010899;610;America/Edmonton;53.55014, -113.46871
20872;214481;Kananga;CD;Congo, Democratic Republic of the;1247168;643;Africa/Lubumbashi;-5.89624, 22.41659
21296;2174003;Brisbane;AU;Australia;2582007;27;Australia/Brisbane;-27.46794, 153.02809
21301;3461786;Guarulhos;BR;Brazil;1169577;774;America/Sao_Paulo;-23.46278, -46.53333
21354;1788046;Xuchang;CN;China;1265536;71;Asia/Shanghai;34.03189, 113.86299
21359;1790630;Xi'an;CN;China;9600000;416;Asia/Shanghai;34.25833, 108.92861
21361;1791121;Changde;CN;China;1457419;38;Asia/Shanghai;29.03205, 111.69844
21372;1795874;Shaoguan;CN;China;1028460;69;Asia/Shanghai;24.8, 113.58333
21454;2036502;Jilin;CN;China;1895865;196;Asia/Shanghai;43.85083, 126.56028
21806;3492914;Santiago de los Caballeros;DO;Dominican Republic;1200000;199;America/Santo_Domingo;19.4517, -70.69703
21826;2507480;Algiers;DZ;Algeria;2364230;113;Africa/Algiers;36.73225, 3.08746
21838;361058;Alexandria;EG;Egypt;5263542;9;Africa/Cairo;31.20176, 29.91582
22699;5125771;Manhattan;US;United States;1487536;38;America/New_York;40.78343, -73.96625
23937;472757;Volgograd;RU;Russian Federation;1013533;65;Europe/Volgograd;48.71939, 44.50183
25180;1819609;Kowloon;HK;Hong Kong, China;2303100;92;Asia/Hong_Kong;22.31667, 114.18333
25397;1261731;Nashik;IN;India;1289497;584;Asia/Kolkata;19.99727, 73.79096
25417;1264733;Lucknow;IN;India;2472011;126;Asia/Kolkata;26.83928, 80.92313
25511;195272;Kakamega;KE;Kenya;1867579;1563;Africa/Nairobi;0.28422, 34.75229
26567;1631761;Pekanbaru;ID;Indonesia;1085000;19;Asia/Jakarta;0.51667, 101.44167
26685;1260086;Patna;IN;India;1599920;53;Asia/Kolkata;25.59408, 85.13563
26713;1267995;Kanpur;IN;India;2823249;137;Asia/Kolkata;26.46523, 80.34975
26729;1269743;Indore;IN;India;1837041;550;Asia/Kolkata;22.71792, 75.8333
26794;1853909;Osaka;JP;Japan;2753862;4;Asia/Tokyo;34.69379, 135.50107
26811;2128295;Sapporo;JP;Japan;1973832;26;Asia/Tokyo;43.06667, 141.35
27233;1819729;Hong Kong;HK;Hong Kong, China;7491609;60;Asia/Hong_Kong;22.27832, 114.17469
27370;209228;Mbuji-Mayi;CD;Congo, Democratic Republic of the;2101332;621;Africa/Lubumbashi;-6.13603, 23.58979
27525;3462377;Goiania;BR;Brazil;1536097;766;America/Sao_Paulo;-16.67861, -49.25389
27963;2335727;Kaduna;NG;Nigeria;1850000;626;Africa/Lagos;10.52641, 7.43879
27975;2347283;Benin City;NG;Nigeria;1782000;88;Africa/Lagos;6.33815, 5.62575
28178;316541;Diyarbakir;TR;Turkey;1791373;674;Europe/Istanbul;37.91363, 40.21721
28547;551487;Kazan;RU;Russian Federation;1243500;61;Europe/Moscow;55.78874, 49.12214
28628;202061;Kigali;RW;Rwanda;1132686;1542;Africa/Kigali;-1.94995, 30.05885
29419;2867714;Munich;DE;Germany;1260391;524;Europe/Berlin;48.13743, 11.57549
29747;3871336;Santiago;CL;Chile;4837295;556;America/Santiago;-33.45694, -70.64827
29774;1783621;Zunyi;CN;China;2037775;867;Asia/Shanghai;27.68667, 106.90722
29779;1784990;Zhanjiang;CN;China;1400709;16;Asia/Shanghai;21.23391, 110.38749
29795;1791388;Wenzhou;CN;China;2650000;10;Asia/Shanghai;27.99942, 120.66682
29829;1801934;Luohe;CN;China;1294974;62;Asia/Shanghai;33.56394, 114.04272
29835;1804651;Kunming;CN;China;3855346;1895;Asia/Shanghai;25.03889, 102.71833
29843;1806602;Cixi;CN;China;1457510;11;Asia/Shanghai;30.1764, 121.2457
29846;1808857;Hanzhong;CN;China;1006557;517;Asia/Shanghai;33.07507, 107.02214
29849;1809858;Guangzhou;CN;China;16096724;15;Asia/Shanghai;23.11667, 113.25
30843;5308655;Phoenix;US;United States;1608139;366;America/Phoenix;33.44838, -112.07404
31348;3523349;Merida;MX;Mexico;1201000;14;America/Merida;20.97537, -89.61696
31549;1214520;Medan;ID;Indonesia;2435252;26;Asia/Jakarta;3.58333, 98.66667
31747;1277333;Bengaluru;IN;India;8443675;914;Asia/Kolkata;12.97194, 77.59369
32211;1835235;Daejeon;KR;Korea, Republic of;1469543;58;Asia/Seoul;36.34913, 127.38493
32490;3995465;Monterrey;MX;Mexico;1135512;543;America/Monterrey;25.67507, -100.31847
32955;1513157;Namangan;UZ;Uzbekistan;1010000;442;Asia/Tashkent;40.9983, 71.67257
33019;325363;Adana;TR;Turkey;1779463;30;Europe/Istanbul;36.98615, 35.32531
33044;1668341;Taipei;TW;Taiwan, China;7871900;10;Asia/Taipei;25.04776, 121.53185
34002;3492908;Santo Domingo;DO;Dominican Republic;2201941;24;America/Santo_Domingo;18.47186, -69.89232
34820;2220957;Yaounde;CM;Cameroon;1299369;726;Africa/Douala;3.86667, 11.51667
34877;1796556;Sanya;CN;China;1031396;1;Asia/Shanghai;18.25435, 109.50947
34883;1797945;Qingyuan;CN;China;1738424;11;Asia/Shanghai;23.7, 113.03333
34914;1809078;Haikou;CN;China;2873358;9;Asia/Shanghai;20.03421, 110.34651
34918;1811103;Foshan;CN;China;9042509;5;Asia/Shanghai;23.02677, 113.13148
34962;8347664;Ordos;CN;China;1940653;1310;Asia/Shanghai;39.6086, 109.78157
35057;292672;Sharjah;AE;United Arab Emirates;1274749;6;Asia/Dubai;25.33737, 55.41206
35499;2063523;Perth;AU;Australia;2192229;34;Australia/Perth;-31.95224, 115.8614
35623;472045;Voronezh;RU;Russian Federation;1047549;156;Europe/Moscow;51.67204, 39.1843
37508;2538475;Rabat;MA;Morocco;1655753;46;Africa/Casablanca;34.01325, -6.83255
37954;152224;Mwanza;TZ;Tanzania, United Republic of;1104521;1144;Africa/Dar_es_Salaam;-2.51667, 32.9
38888;1529102;UEruemqi;CN;China;3029372;862;Asia/Urumqi;43.80096, 87.60046
38905;1790437;Zhuhai;CN;China;2207090;35;Asia/Shanghai;22.27694, 113.56778
38920;1797929;Qingdao;CN;China;7172451;16;Asia/Shanghai;36.06488, 120.38042
39163;727011;Sofia;BG;Bulgaria;1152556;562;Europe/Sofia;42.69751, 23.32415
39817;3435910;Buenos Aires;AR;Argentina;2891082;31;America/Argentina/Buenos_Aires;-34.61315, -58.37723
40131;2950159;Berlin;DE;Germany;3426354;43;Europe/Berlin;52.52437, 13.41053
40197;3657509;Guayaquil;EC;Ecuador;2723665;14;America/Guayaquil;-2.19616, -79.88621
40807;1649378;Bekasi;ID;Indonesia;2564940;18;Asia/Jakarta;-6.2349, 106.9896
40949;1272423;Dombivli;IN;India;1193000;11;Asia/Kolkata;19.21667, 73.08333
40998;12165956;Kallakurichi;IN;India;1682687;124;Asia/Kolkata;11.73379, 78.95925
41822;792680;Belgrade;RS;Serbia;1273651;120;Europe/Belgrade;44.80401, 20.46513
41958;1496153;Omsk;RU;Russian Federation;1172070;90;Asia/Omsk;54.99244, 73.36859
42435;2673730;Stockholm;SE;Sweden;1515017;17;Europe/Stockholm;59.32938, 18.06871
42603;1648473;Bogor;ID;Indonesia;1099422;245;Asia/Jakarta;-6.59444, 106.78917
42733;1269633;Jabalpur;IN;India;1030168;416;Asia/Kolkata;23.16697, 79.95006
43186;2643743;London;GB;United Kingdom;8961989;25;Europe/London;51.50853, -0.12574
43297;2306104;Accra;GH;Ghana;1963264;33;Africa/Accra;5.55602, -0.1969
43423;1841811;Gwangju;KR;Korea, Republic of;1490092;47;Asia/Seoul;35.15472, 126.91556
43748;1783934;Shangqiu;CN;China;1536392;51;Asia/Shanghai;34.45, 115.65
43769;1788572;Xinxiang;CN;China;1047088;82;Asia/Shanghai;35.19033, 113.80151
43777;1791236;Wuhu;CN;China;1598165;9;Asia/Shanghai;31.35259, 118.42947
43778;1791247;Wuhan;CN;China;10392693;20;Asia/Shanghai;30.58333, 114.26667
43799;1797873;Huai'an;CN;China;2494013;14;Asia/Shanghai;33.58861, 119.01917
43807;1800163;Nanchang;CN;China;2357839;20;Asia/Shanghai;28.68396, 115.85306
43820;1803300;Liuzhou;CN;China;1436599;102;Asia/Shanghai;24.32405, 109.40698
43853;1816373;Bijie;CN;China;1137383;1471;Asia/Shanghai;27.30193, 105.28627
44039;3395981;Maceio;BR;Brazil;1031597;11;America/Maceio;-9.66583, -35.73528
45199;683506;Bucharest;RO;Romania;1877155;83;Europe/Bucharest;44.43225, 26.10626
46083;323777;Antalya;TR;Turkey;1344000;61;Europe/Istanbul;36.90812, 30.69556
46151;1168197;Peshawar;PK;Pakistan;1218773;340;Asia/Karachi;34.008, 71.57849
46857;1735161;Kuala Lumpur;MY;Malaysia;1453975;56;Asia/Kuala_Lumpur;3.1412, 101.68653
47459;1784658;Zhengzhou;CN;China;4253913;104;Asia/Shanghai;34.75778, 113.64861
47479;1790353;Xianyang;CN;China;1034081;387;Asia/Shanghai;34.33778, 108.70261
47773;3674962;Medellin;CO;Colombia;1999979;1500;America/Bogota;6.25184, -75.56359
48401;2553604;Casablanca;MA;Morocco;3665954;27;Africa/Casablanca;33.58831, -7.61138
49708;2377450;Nouakchott;MR;Mauritania;1184530;10;Africa/Nouakchott;18.08581, -15.9785
49765;3521081;Puebla;MX;Mexico;1692181;2143;America/Mexico_City;19.03793, -98.20346
49964;3169070;Rome;IT;Italy;2318895;52;Europe/Rome;41.89193, 12.51133
50250;1859171;Kobe;JP;Japan;1522188;35;Asia/Tokyo;34.6913, 135.183
50302;1821306;Phnom Penh;KH;Cambodia;1573544;20;Asia/Phnom_Penh;11.56245, 104.91601
50412;4005539;Guadalajara;MX;Mexico;1385629;1598;America/Mexico_City;20.66682, -103.39182
50610;2326016;Onitsha;NG;Nigeria;1553000;57;Africa/Lagos;6.14978, 6.78569
51478;3054643;Budapest;HU;Hungary;1741041;104;Europe/Budapest;47.49835, 19.04045
51592;1254745;Teni;IN;India;1034724;300;Asia/Kolkata;10.01115, 77.47772
51624;1264527;Chennai;IN;India;4681087;14;Asia/Kolkata;13.08784, 80.27847
51707;112931;Tehran;IR;Iran, Islamic Rep. of;7153309;1178;Asia/Tehran;35.69439, 51.42151
52434;1786657;Yinchuan;CN;China;1487579;1117;Asia/Shanghai;38.46806, 106.27306
52436;1787331;Zhangjiagang;CN;China;1432044;13;Asia/Shanghai;31.865, 120.53889
52456;1796236;Shanghai;CN;China;22315474;12;Asia/Shanghai;31.22222, 121.45806
52458;1797121;Jieyang;CN;China;1899394;7;Asia/Shanghai;23.5418, 116.36581
52473;1802276;Longyan;CN;China;1025087;318;Asia/Shanghai;25.07485, 117.01775
53527;703448;Kyiv;UA;Ukraine;2797553;187;Europe/Kyiv;50.45466, 30.5238
55234;3526683;Iztapalapa;MX;Mexico;1815786;2238;America/Mexico_City;19.35529, -99.06224
55995;1271308;Ghaziabad;IN;India;1199191;214;Asia/Kolkata;28.66535, 77.43915
56016;1279233;Ahmedabad;IN;India;6357693;56;Asia/Kolkata;23.02579, 72.58727
56829;6077243;Montreal;CA;Canada;1762949;216;America/Toronto;45.50884, -73.58781
57076;616052;Yerevan;AM;Armenia;1093485;994;Asia/Yerevan;40.18111, 44.51361
57372;2158177;Melbourne;AU;Australia;4917750;25;Australia/Melbourne;-37.814, 144.96332
57854;1786760;Yixing;CN;China;1285785;8;Asia/Shanghai;31.36059, 119.82016
57890;1797551;Qinzhou;CN;China;1296300;12;Asia/Shanghai;21.98247, 108.65061
57902;1803936;Wuwei;CN;China;1010295;1542;Asia/Shanghai;37.92672, 102.63202
57912;1808722;Hefei;CN;China;5050000;24;Asia/Shanghai;31.86389, 117.28083
57913;1808963;Handan;CN;China;1358318;61;Asia/Shanghai;36.60999, 114.48764
57927;1815251;Jiangyin;CN;China;1779515;7;Asia/Shanghai;31.91102, 120.26302
59693;1566083;Ho Chi Minh City;VN;Viet Nam;8993082;7;Asia/Ho_Chi_Minh;10.82302, 106.62965
59781;953781;Soweto;ZA;South Africa;1695047;1632;Africa/Johannesburg;-26.26781, 27.85849
60169;1800627;Mianyang;CN;China;1550000;471;Asia/Shanghai;31.46784, 104.68168
60189;1803834;Liaocheng;CN;China;1229768;32;Asia/Shanghai;36.45064, 116.00247
60237;1809498;Guilin;CN;China;1572300;141;Asia/Shanghai;25.28022, 110.29639
60268;1815395;Chaozhou;CN;China;1750945;23;Asia/Shanghai;23.65396, 116.62262
61711;3470127;Belo Horizonte;BR;Brazil;2721564;872;America/Sao_Paulo;-19.92083, -43.93778
62164;1720151;Caloocan City;PH;Philippines;1500000;6;Asia/Manila;14.64953, 120.96788
63071;3128760;Barcelona;ES;Spain;1620343;47;Europe/Madrid;41.38879, 2.15899
63631;8581443;South Tangerang;ID;Indonesia;1365688;39;Asia/Jakarta;-6.28862, 106.71789
63679;1254361;Tirunelveli;IN;India;1435844;49;Asia/Kolkata;8.72742, 77.6838
63683;1254661;Thane;IN;India;1261517;23;Asia/Kolkata;19.19704, 72.96355
63719;1262111;Najafgarh;IN;India;1365000;215;Asia/Kolkata;28.60922, 76.97982
63768;1273294;Delhi;IN;India;10927986;227;Asia/Kolkata;28.65195, 77.23149
64605;3860259;Cordoba;AR;Argentina;1317298;395;America/Argentina/Cordoba;-31.4135, -64.18105
64986;2255414;Pointe-Noire;CG;Congo;1032000;12;Africa/Brazzaville;-4.77609, 11.86352
64988;2260535;Brazzaville;CG;Congo;1982000;284;Africa/Brazzaville;-4.26613, 15.28318
65561;1622786;Makassar;ID;Indonesia;1423877;6;Asia/Makassar;-5.14861, 119.43194
65626;2964574;Dublin;IE;Ireland;1024027;17;Europe/Dublin;53.33306, -6.24889
65688;1262180;Nagpur;IN;India;2228018;319;Asia/Kolkata;21.14631, 79.08491
66286;3469058;Brasilia;BR;Brazil;2207718;1136;America/Sao_Paulo;-15.77972, -47.92972
66456;1783763;Zhuzhou;CN;China;1129687;54;Asia/Shanghai;27.83333, 113.15
66463;1787746;Yancheng;CN;China;1615717;3;Asia/Shanghai;33.3575, 120.1573
66465;1788852;Xining;CN;China;1677177;2275;Asia/Shanghai;36.62554, 101.75739
66480;1795940;Shantou;CN;China;3838900;3;Asia/Shanghai;23.35489, 116.67876
66489;1798449;Putian;CN;China;1539389;23;Asia/Shanghai;25.43944, 119.01028
66513;1804430;Lanzhou;CN;China;3000000;1521;Asia/Shanghai;36.05701, 103.83987
66527;1808316;Yiyang;CN;China;1249807;25;Asia/Shanghai;28.58917, 112.32833
66549;1886760;Suzhou;CN;China;6715559;10;Asia/Shanghai;31.30408, 120.59538
66562;2034937;Shenyang;CN;China;7050000;53;Asia/Shanghai;41.79222, 123.43278
66570;2037860;Daqing;CN;China;1604027;146;Asia/Shanghai;46.58333, 125.0
66796;2911298;Hamburg;DE;Germany;1845229;9;Europe/Berlin;53.55073, 9.99302
67829;3439389;Asuncion;PY;Paraguay;1482200;113;America/Asuncion;-25.28646, -57.647
67876;314830;Gaziantep;TR;Turkey;1808948;842;Europe/Istanbul;37.05944, 37.3825
68237;1486209;Yekaterinburg;RU;Russian Federation;1495066;255;Asia/Yekaterinburg;56.8519, 60.6122
68295;110336;Dammam;SA;Saudi Arabia;1252523;10;Asia/Riyadh;26.43442, 50.10326
71128;1645524;Depok;ID;Indonesia;2056400;92;Asia/Jakarta;-6.4, 106.81861
71324;1264521;Madurai;IN;India;1465625;139;Asia/Kolkata;9.919, 78.11953
71394;1871859;Pyongyang;KP;Korea, Dem. People's Rep. of;3222000;43;Asia/Pyongyang;39.03385, 125.75432
71450;1518980;Shymkent;KZ;Kazakhstan;1200000;513;Asia/Almaty;42.3, 69.6
71470;128747;Karaj;IR;Iran, Islamic Rep. of;1448075;1341;Asia/Tehran;35.83266, 50.99155
72172;2335204;Kano;NG;Nigeria;4910000;484;Africa/Lagos;12.00012, 8.51672
73055;232422;Kampala;UG;Uganda;1353189;1223;Africa/Kampala;0.31628, 32.58219
73240;4887398;Chicago;US;United States;2696555;180;America/Chicago;41.85003, -87.65005
73903;2253354;Dakar;SN;Senegal;2646503;12;Africa/Dakar;14.6937, -17.44406
74800;2324774;Port Harcourt;NG;Nigeria;2120000;16;Africa/Lagos;4.77742, 7.0134
75072;1179400;Faisalabad;PK;Pakistan;2506595;186;Asia/Karachi;31.41554, 73.08969
75479;1857910;Kyoto;JP;Japan;1463723;50;Asia/Tokyo;35.02107, 135.75385
75895;3399415;Fortaleza;BR;Brazil;2400000;18;America/Fortaleza;-3.71722, -38.54306
76454;1797658;Jinjiang;CN;China;1416151;33;Asia/Shanghai;24.81978, 118.57415
76457;1798425;Puyang;CN;China;3590000;76;Asia/Shanghai;29.45679, 119.88872
76481;1807700;Huaibei;CN;China;1113321;51;Asia/Shanghai;33.97444, 116.79167
76537;8400694;Taizhou;CN;China;1485502;15;Asia/Shanghai;28.66266, 121.43312
76553;10942283;Jinzhong;CN;China;1226617;821;Asia/Shanghai;37.68403, 112.75471
78979;3991164;Santiago de Queretaro;MX;Mexico;1594212;1826;America/Mexico_City;20.58806, -100.38806
79111;2440485;Niamey;NE;Niger;1323691;206;Africa/Niamey;13.51366, 2.1098
79120;2322911;Sokoto;NG;Nigeria;1040000;296;Africa/Lagos;13.06269, 5.24322
79143;2352778;Abuja;NG;Nigeria;2690000;476;Africa/Lagos;9.05785, 7.49508
79144;2353151;Aba;NG;Nigeria;1160000;64;Africa/Lagos;5.10658, 7.36667
79518;105343;Jeddah;SA;Saudi Arabia;4697000;7;Asia/Riyadh;21.49012, 39.18624
79789;306571;Konya;TR;Turkey;1390051;1030;Europe/Istanbul;37.87135, 32.48464
79876;698740;Odesa;UA;Ukraine;1015826;34;Europe/Kyiv;46.48572, 30.74383
80105;1880252;Singapore;SG;Singapore;5638700;23;Asia/Singapore;1.28967, 103.85007
80611;1785725;Yunfu;CN;China;2612800;67;Asia/Shanghai;22.92787, 112.03809
81182;2293521;Abobo;CI;Côte d'Ivoire;1340083;105;Africa/Abidjan;5.41613, -4.0159
81492;1624917;Bandar Lampung;ID;Indonesia;1166066;95;Asia/Jakarta;-5.42917, 105.26111
81718;98182;Baghdad;IQ;Iraq;7216000;41;Asia/Baghdad;33.34058, 44.40088
81723;388349;Al Basrah al Qadimah;IQ;Iraq;2015483;7;Asia/Baghdad;30.50316, 47.81507
84036;2988507;Paris;FR;France;2138551;42;Europe/Paris;48.85341, 2.3488
84572;1627896;Semarang;ID;Indonesia;1653524;18;Asia/Jakarta;-6.99306, 110.42083
84668;1253573;Vadodara;IN;India;1822221;46;Asia/Kolkata;22.29941, 73.20812
84771;1278994;Prayagraj;IN;India;1073438;99;Asia/Kolkata;25.44478, 81.84322
86928;706483;Kharkiv;UA;Ukraine;1433886;113;Europe/Kyiv;49.98081, 36.25272
87346;1169825;Multan;PK;Pakistan;1437230;126;Asia/Karachi;30.19679, 71.47824
87700;3441575;Montevideo;UY;Uruguay;1270737;34;America/Montevideo;-34.90328, -56.18816
87709;3625549;Valencia;VE;Venezuela, Bolivarian Rep. of;1619470;457;America/Caracas;10.16202, -68.00765
88587;1785294;Anyang;CN;China;1146839;70;Asia/Shanghai;36.096, 114.38278
88620;1799629;Nanyang;CN;China;1811812;131;Asia/Shanghai;32.99472, 112.53278
88635;1805528;Jinhua;CN;China;1463990;55;Asia/Shanghai;29.10678, 119.64421
88640;1806408;Yangjiang;CN;China;1292987;15;Asia/Shanghai;21.85563, 111.96272
88652;1812545;Dongguan;CN;China;9644871;1;Asia/Shanghai;23.01797, 113.74866
88661;1816670;Beijing;CN;China;18960744;49;Asia/Shanghai;39.9075, 116.39723
88869;1336135;Khulna;BD;Bangladesh;1500689;8;Asia/Dhaka;22.80979, 89.56439
89267;2147714;Sydney;AU;Australia;5231147;58;Australia/Sydney;-33.86785, 151.20732
89420;498817;Saint Petersburg;RU;Russian Federation;5351935;11;Europe/Moscow;59.93863, 30.31413
90194;170063;Aleppo;SY;Syrian Arab Republic;2098210;401;Asia/Damascus;36.20124, 37.16117
90321;2800866;Brussels;BE;Belgium;1019022;28;Europe/Brussels;50.85045, 4.34878
90521;3452925;Porto Alegre;BR;Brazil;1488252;46;America/Sao_Paulo;-30.03283, -51.23019
90590;993800;Johannesburg;ZA;South Africa;5635127;1767;Africa/Johannesburg;-26.20227, 28.04363
90595;625144;Minsk;BY;Belarus;1742124;222;Europe/Minsk;53.9, 27.56667
90670;922704;Lubumbashi;CD;Congo, Democratic Republic of the;2221925;1260;Africa/Lubumbashi;-11.66089, 27.47938
90792;1790645;Xiamen;CN;China;4617251;12;Asia/Shanghai;24.47979, 118.08187
90809;1795565;Shenzhen;CN;China;17494398;4;Asia/Shanghai;22.54554, 114.0683
90817;1801180;Maoming;CN;China;1307802;31;Asia/Shanghai;21.66625, 110.91364
90847;1815577;Changsha;CN;China;3093980;67;Asia/Shanghai;28.19874, 112.97087
91093;1185186;Comilla;BD;Bangladesh;1030000;17;Asia/Dhaka;23.46186, 91.18503
91885;3947322;Arequipa;PE;Peru;1008290;2355;America/Lima;-16.39889, -71.535
91941;927967;Lilongwe;MW;Malawi;1115815;1056;Africa/Blantyre;-13.96692, 33.78725
92030;3529612;Ecatepec de Morelos;MX;Mexico;1645352;2306;America/Mexico_City;19.60492, -99.06064
92516;1856057;Nagoya;JP;Japan;2191279;23;Asia/Tokyo;35.18147, 136.90641
92589;276781;Beirut;LB;Lebanon;1916100;40;Asia/Beirut;33.89332, 35.50157
93897;418863;Isfahan;IR;Iran, Islamic Rep. of;1547164;1578;Asia/Tehran;32.65246, 51.67462
94064;2422465;Conakry;GN;Guinea;1928389;13;Africa/Conakry;9.53795, -13.67729
94552;3117735;Madrid;ES;Spain;3255944;665;Europe/Madrid;40.4165, -3.70256
95057;1258847;Rajkot;IN;India;1390640;140;Asia/Kolkata;22.29161, 70.79322
95059;1259229;Pune;IN;India;3124458;554;Asia/Kolkata;18.51957, 73.85535
95083;1264728;Ludhiana;IN;India;1545368;256;Asia/Kolkata;30.91204, 75.85379
95108;1269300;Jamshedpur;IN;India;1339438;171;Asia/Kolkata;22.80278, 86.18545
95150;95446;Erbil;IQ;Iraq;1612700;412;Asia/Baghdad;36.18333, 44.01193
95568;184745;Nairobi;KE;Kenya;4397073;1684;Africa/Nairobi;-1.28333, 36.81667
96792;53654;Mogadishu;SO;Somalia;2587183;12;Africa/Mogadishu;2.03711, 45.34375
97226;3448439;Sao Paulo;BR;Brazil;12400232;769;America/Sao_Paulo;-23.5475, -46.63611
97480;1801792;Luoyang;CN;China;1390581;149;Asia/Shanghai;34.68361, 112.45361
97498;1809461;Guiyang;CN;China;3037159;1087;Asia/Shanghai;26.58333, 106.71667
97500;1810638;Ganzhou;CN;China;1977253;117;Asia/Shanghai;25.84664, 114.9326
97568;10859300;Lianyungang;CN;China;2001009;1;Asia/Shanghai;34.59845, 119.21556
98473;5368361;Los Angeles;US;United States;3898747;96;America/Los_Angeles;34.05223, -118.24368
99249;71137;Sanaa;YE;Yemen;1937451;2253;Asia/Aden;15.35472, 44.20667
99261;964137;Pretoria;ZA;South Africa;1619438;1332;Africa/Johannesburg;-25.74486, 28.18783
99292;292968;Abu Dhabi;AE;United Arab Emirates;1807000;6;Asia/Dubai;24.45118, 54.39696
99776;1786746;Yichun;CN;China;1045952;99;Asia/Shanghai;27.83333, 114.4
99793;1793511;Taiyuan;CN;China;4303673;795;Asia/Shanghai;37.86944, 112.56028
99820;1802875;Guankou;CN;China;1380000;79;Asia/Shanghai;28.15861, 113.62709
99830;1805753;Jinan;CN;China;4335989;32;Asia/Shanghai;36.66833, 116.99722
99835;1809532;Guigang;CN;China;1086327;40;Asia/Shanghai;23.11603, 109.59472
99850;1814087;Dalian;CN;China;4913879;33;Asia/Shanghai;38.91222, 121.60222
99852;1814906;Chongqing;CN;China;7457599;289;Asia/Shanghai;29.56026, 106.55771
99856;1816234;Bozhou;CN;China;1409436;40;Asia/Shanghai;33.87722, 115.77028
99962;3688689;Bogota;CO;Colombia;7674366;2582;America/Bogota;4.60971, -74.08175
100611;1508291;Chelyabinsk;RU;Russian Federation;1202371;219;Asia/Yekaterinburg;55.15402, 61.42915
100759;3936456;Lima;PE;Peru;7737002;152;America/Lima;-12.04318, -77.02824
101402;3718426;Port-au-Prince;HT;Haiti;1234742;27;America/Port-au-Prince;18.54349, -72.33881
101923;1255364;Surat;IN;India;4591246;20;Asia/Kolkata;21.19594, 72.83023
102048;3998655;Leon de los Aldama;MX;Mexico;1721199;1806;America/Mexico_City;21.12908, -101.67374
102301;3652462;Quito;EC;Ecuador;2781641;2854;America/Guayaquil;-0.22985, -78.52495
102311;349076;Shubra al Khaymah;EG;Egypt;1240289;26;Africa/Cairo;30.12511, 31.25053
102315;360630;Cairo;EG;Egypt;9606916;23;Africa/Cairo;30.06263, 31.24967
102782;2655603;Birmingham;GB;United Kingdom;1144919;149;Europe/London;52.48142, -1.89983
103033;1692192;Quezon City;PH;Philippines;2761720;49;Asia/Manila;14.6488, 121.0509
103610;2548885;Fes;MA;Morocco;1191905;406;Africa/Casablanca;34.03313, -5.00028
103756;3530597;Mexico City;MX;Mexico;12294193;2240;America/Mexico_City;19.42847, -99.12766
104133;5128581;New York City;US;United States;8804190;57;America/New_York;40.71427, -74.00597
104613;894701;Bulawayo;ZW;Zimbabwe;1200337;1348;Africa/Harare;-20.15, 28.58333
104699;3450554;Salvador;BR;Brazil;2711840;4;America/Bahia;-12.97563, -38.49096
105172;1172451;Lahore;PK;Pakistan;6310888;216;Asia/Karachi;31.558, 74.35071
105584;109223;Medina;SA;Saudi Arabia;1300000;603;Asia/Riyadh;24.46861, 39.61417
105844;5391811;San Diego;US;United States;1394928;20;America/Los_Angeles;32.71571, -117.16472
106471;311046;Izmir;TR;Turkey;2500603;122;Europe/Istanbul;38.41273, 27.13838
106862;360995;Giza;EG;Egypt;4367343;19;Africa/Cairo;30.00944, 31.20861
107430;1633070;Palembang;ID;Indonesia;1668848;5;Asia/Jakarta;-2.91673, 104.7458
107954;2298890;Kumasi;GH;Ghana;2544530;270;Africa/Accra;6.68848, -1.62443
108578;1787093;Yantai;CN;China;2227733;22;Asia/Shanghai;37.47649, 121.44081
108586;1791681;Weifang;CN;China;2044028;30;Asia/Shanghai;36.71, 119.10194
108588;1792947;Tianjin;CN;China;11090314;11;Asia/Shanghai;39.14222, 117.17667
108590;1793743;Suzhou;CN;China;1647642;34;Asia/Shanghai;33.63611, 116.97889
108594;1795855;Shaoxing;CN;China;2300000;21;Asia/Shanghai;30.00237, 120.57864
108627;1808926;Hangzhou;CN;China;9236032;12;Asia/Shanghai;30.29365, 120.16142
108674;2037799;Datong;CN;China;1850000;1054;Asia/Shanghai;40.09361, 113.29139
108675;2038632;Anshan;CN;China;1450000;55;Asia/Shanghai;41.12361, 122.99
108892;2460596;Bamako;ML;Mali;4227569;338;Africa/Bamako;12.65, -8.0
108918;3514674;Gustavo Adolfo Madero;MX;Mexico;1185772;2284;America/Mexico_City;19.49392, -99.11075
109543;1835553;Suwon;KR;Korea, Republic of;1241311;58;Asia/Seoul;37.29111, 127.00889
109546;1843564;Incheon;KR;Korea, Republic of;2954955;43;Asia/Seoul;37.45646, 126.70515
109548;1846326;Changwon;KR;Korea, Republic of;1025702;27;Asia/Seoul;35.22806, 128.68111
109782;1701668;Manila;PH;Philippines;1600000;13;Asia/Manila;14.6042, 120.9822
109969;3390760;Recife;BR;Brazil;1653461;8;America/Recife;-8.05389, -34.88111
110029;3467865;Campinas;BR;Brazil;1031554;686;America/Sao_Paulo;-22.90556, -47.06083
110261;1185188;Rangpur;BD;Bangladesh;1031388;36;Asia/Dhaka;25.74664, 89.25166
110557;1783745;Zigong;CN;China;1262064;306;Asia/Shanghai;29.34162, 104.77689
110561;1785623;Kunshan;CN;China;2092496;10;Asia/Shanghai;31.37762, 120.95431
110567;1786764;Yichang;CN;China;1350150;63;Asia/Shanghai;30.71444, 111.28472
110600;1799722;Nantong;CN;China;2273326;6;Asia/Shanghai;32.03028, 120.87472
110617;1805540;Jingzhou;CN;China;1052282;39;Asia/Shanghai;30.35028, 112.19028
110637;1810820;Fuzhou;CN;China;1089888;53;Asia/Shanghai;27.95999, 116.33333
110666;2037355;Fushun;CN;China;1400646;85;Asia/Shanghai;41.88669, 123.94363
110674;7283386;Changshu;CN;China;1677050;9;Asia/Shanghai;31.64615, 120.74221
110696;11838258;Bayan Nur;CN;China;1760000;1041;Asia/Shanghai;40.74143, 107.38599
110745;3689147;Barranquilla;CO;Colombia;1206319;24;America/Bogota;10.96854, -74.78132
111479;3067696;Prague;CZ;Czech Republic;1165581;202;Europe/Prague;50.08804, 14.42076
112361;1275339;Mumbai;IN;India;12691836;8;Asia/Kolkata;19.07283, 72.88261
113401;611717;Tbilisi;GE;Georgia;1049498;491;Asia/Tbilisi;41.69411, 44.83368
115096;3633009;Maracaibo;VE;Venezuela, Bolivarian Rep. of;2225000;40;America/Caracas;10.66663, -71.61245
115153;909137;Lusaka;ZM;Zambia;1267440;1277;Africa/Lusaka;-15.40669, 28.28713
115179;1040652;Maputo;MZ;Mozambique;1254837;70;Africa/Maputo;-25.96553, 32.58322
115366;3946083;Callao;PE;Peru;1300000;27;America/Lima;-12.05659, -77.11814
115769;3530589;Ciudad Nezahualcoyotl;MX;Mexico;1104585;2235;America/Mexico_City;19.40061, -99.01483
115882;3996069;Mexicali;MX;Mexico;1032686;4;America/Tijuana;32.62781, -115.45446
115914;4013708;Ciudad Juarez;MX;Mexico;1501551;1124;America/Ciudad_Juarez;31.72024, -106.46084
116064;1835329;Daegu;KR;Korea, Republic of;2566540;45;Asia/Seoul;35.87028, 128.59111
117249;1650357;Bandung;ID;Indonesia;2444160;714;Asia/Jakarta;-6.92222, 107.60694
117332;1258526;Ranchi;IN;India;1120374;643;Asia/Kolkata;23.34316, 85.3094
117396;1269843;Hyderabad;IN;India;6809970;515;Asia/Kolkata;17.38405, 78.45636
118394;2314302;Kinshasa;CD;Congo, Democratic Republic of the;16000000;281;Africa/Kinshasa;-4.32758, 15.31357
118520;1793346;Tangshan;CN;China;3372102;36;Asia/Shanghai;39.63333, 118.18333
118536;1799491;Neijiang;CN;China;1251095;349;Asia/Shanghai;29.58354, 105.06216
118566;1814870;Yiwu;CN;China;1481384;84;Asia/Shanghai;29.31506, 120.07676
118594;2038432;Baotou;CN;China;2150000;1064;Asia/Shanghai;40.6516, 109.84389
118625;10630003;Xuzhou;CN;China;1253991;35;Asia/Shanghai;34.20442, 117.28386
119059;2240449;Luanda;AO;Angola;2776168;73;Africa/Luanda;-8.83682, 13.23432
119272;745044;Istanbul;TR;Turkey;14804116;39;Europe/Istanbul;41.01384, 28.94966
119288;1668399;Taichung;TW;Taiwan, China;1040725;91;Asia/Taipei;24.1469, 120.6839
119938;1512569;Tashkent;UZ;Uzbekistan;1978028;424;Asia/Tashkent;41.26465, 69.21627
120046;5110302;Brooklyn;US;United States;2736074;18;America/New_York;40.6501, -73.94958
120420;1581130;Hanoi;VN;Viet Nam;8053663;10;Asia/Bangkok;21.0245, 105.84117
120771;4560349;Philadelphia;US;United States;1576251;8;America/New_York;39.95238, -75.16362
121364;750269;Bursa;TR;Turkey;3101833;155;Europe/Istanbul;40.19559, 29.06013
121381;160263;Dar es Salaam;TZ;Tanzania, United Republic of;5383728;24;Africa/Dar_es_Salaam;-6.82349, 39.26951
122846;1496747;Novosibirsk;RU;Russian Federation;1612833;164;Asia/Novosibirsk;55.0415, 82.9346
122940;1978681;Malingao;PH;Philippines;1121974;5;Asia/Manila;7.16083, 124.475
122951;1176734;Hyderabad;PK;Pakistan;1386330;14;Asia/Karachi;25.39689, 68.37718
122960;756135;Warsaw;PL;Poland;1702139;113;Europe/Warsaw;52.22977, 21.01178
123504;1259652;Pimpri;IN;India;1284606;571;Asia/Kolkata;18.62292, 73.80696
123555;1270396;Haora;IN;India;1027672;8;Asia/Kolkata;22.57688, 88.31857
123587;6619347;Navi Mumbai;IN;India;2600000;14;Asia/Kolkata;19.03681, 73.01582
124098;1859642;Kawasaki;JP;Japan;1531646;1;Asia/Tokyo;35.52056, 139.71722
124110;2111149;Sendai;JP;Japan;1096704;53;Asia/Tokyo;38.26667, 140.86667
124189;1526384;Almaty;KZ;Kazakhstan;1977011;805;Asia/Almaty;43.25, 76.91667
124690;3911925;La Paz;BO;Bolivia;2004652;3782;America/La_Paz;-16.5, -68.15
124775;5913490;Calgary;CA;Canada;1019942;1042;America/Edmonton;51.05011, -114.08529
124797;6167865;Toronto;CA;Canada;2600000;161;America/Toronto;43.70643, -79.39864
124810;212730;Kisangani;CD;Congo, Democratic Republic of the;1181788;400;Africa/Lubumbashi;0.51528, 25.19099
124911;1785781;Yulin;CN;China;1056743;87;Asia/Shanghai;22.6305, 110.14686
124939;1799962;Nanjing;CN;China;9314685;22;Asia/Shanghai;32.06167, 118.77778
124951;1804879;Kaifeng;CN;China;1451741;76;Asia/Shanghai;34.7986, 114.30742
124960;1808198;Heze;CN;China;1346717;53;Asia/Shanghai;35.23929, 115.47358
124992;6986104;Zhongshan;CN;China;3841873;9;Asia/Shanghai;22.52306, 113.37912
125443;1205733;Chattogram;BD;Bangladesh;3920222;15;Asia/Dhaka;22.3384, 91.83168
125640;2078025;Adelaide;AU;Australia;1387290;59;Australia/Adelaide;-34.92866, 138.59863
125702;1715348;Davao;PH;Philippines;1776949;13;Asia/Manila;7.07306, 125.61278
126015;2761369;Vienna;AT;Austria;1691468;193;Europe/Vienna;48.20849, 16.37208
126143;1609350;Bangkok;TH;Thailand;5104476;12;Asia/Bangkok;13.75398, 100.50144
126957;5110266;The Bronx;US;United States;1385108;19;America/New_York;40.84985, -73.86641
127093;5392171;San Jose;US;United States;1026908;23;America/Los_Angeles;37.33939, -121.89496
127250;1673820;Kaohsiung;TW;Taiwan, China;1519711;9;Asia/Taipei;22.61626, 120.31333
127685;3979770;Zapopan;MX;Mexico;1476491;1568;America/Mexico_City;20.72356, -103.38479
128348;2210247;Tripoli;LY;Libyan Arab Jamahiriya;1302947;15;Africa/Tripoli;32.88743, 13.18733
128729;3451190;Rio de Janeiro;BR;Brazil;6747815;12;America/Sao_Paulo;-22.90642, -43.18223
128752;3464975;Curitiba;BR;Brazil;1948626;924;America/Sao_Paulo;-25.42778, -49.27306
128961;1793724;Tai'an;CN;China;1735425;143;Asia/Shanghai;36.18528, 117.12
128976;1799397;Ningbo;CN;China;3731203;15;Asia/Shanghai;29.87819, 121.54945
128992;1805179;Jiujiang;CN;China;1164268;41;Asia/Shanghai;29.70475, 116.00206
128995;1806299;Jiangmen;CN;China;1795459;11;Asia/Shanghai;22.58333, 113.08333
128998;1806776;Huizhou;CN;China;2900113;25;Asia/Shanghai;23.11147, 114.41523
129005;1808956;Changzhi;CN;China;1214940;937;Asia/Shanghai;36.18389, 113.10528
129011;1810821;Fuzhou;CN;China;3740000;14;Asia/Shanghai;26.06139, 119.30611
129018;1813325;Dazhou;CN;China;1589435;292;Asia/Shanghai;31.2106, 107.46308
129041;2037013;Harbin;CN;China;5242897;140;Asia/Shanghai;45.75, 126.65
130299;1625822;Surabaya;ID;Indonesia;2874314;8;Asia/Jakarta;-7.24917, 112.75083
130389;1253102;Visakhapatnam;IN;India;1063178;24;Asia/Kolkata;17.68009, 83.20161
130472;1272979;Dhanbad;IN;India;1196214;247;Asia/Kolkata;23.79759, 86.42992
130668;113646;Tabriz;IR;Iran, Islamic Rep. of;1424641;1396;Asia/Tehran;38.08, 46.2919
130678;124665;Mashhad;IR;Iran, Islamic Rep. of;2307177;980;Asia/Tehran;36.29807, 59.60567
130888;292223;Dubai;AE;United Arab Emirates;3478300;24;Asia/Dubai;25.07725, 55.30927
131729;108410;Riyadh;SA;Saudi Arabia;4205961;612;Asia/Riyadh;24.68773, 46.72185
132096;4684888;Dallas;US;United States;1300092;139;America/Chicago;32.78306, -96.80667
132945;1835848;Seoul;KR;Korea, Republic of;10349312;38;Asia/Seoul;37.566, 126.9784
133158;1039854;Matola;MZ;Mozambique;1198988;42;Africa/Maputo;-25.96222, 32.45889
133896;1263214;Meerut;IN;India;1223184;228;Asia/Kolkata;28.98002, 77.70636
134404;2422488;Camayenne;GN;Guinea;1871242;6;Africa/Conakry;9.535, -13.68778
135099;2232593;Douala;CM;Cameroon;1338082;19;Africa/Douala;4.04827, 9.70428
135127;1785286;Zibo;CN;China;3129228;51;Asia/Shanghai;36.79056, 118.06333
135152;1792892;Tianshui;CN;China;1212791;1153;Asia/Shanghai;34.57952, 105.74238
135206;1816971;Baoding;CN;China;2739887;15;Asia/Shanghai;38.87288, 115.46246
135314;3687925;Cali;CO;Colombia;2392877;967;America/Bogota;3.43722, -76.5225
136419;3632998;Maracay;VE;Venezuela, Bolivarian Rep. of;1754256;443;America/Caracas;10.23535, -67.59113
136627;344979;Addis Ababa;ET;Ethiopia;3860000;2405;Africa/Addis_Ababa;9.02497, 38.74689
136944;1254388;Tiruchirappalli;IN;India;1022518;79;Asia/Kolkata;10.8155, 78.69651
136969;1261162;Nowrangapur;IN;India;1220946;578;Asia/Kolkata;19.23114, 82.54826
137001;1270926;Gorakhpur;IN;India;1324570;218;Asia/Kolkata;29.44768, 75.67206
137037;1278149;Sambhaji Nagar;IN;India;1016441;588;Asia/Kolkata;19.87757, 75.34226
138371;1848354;Yokohama;JP;Japan;3761630;21;Asia/Tokyo;35.43333, 139.65
138372;1850147;Tokyo;JP;Japan;8336599;44;Asia/Tokyo;35.6895, 139.69171
138407;186301;Mombasa;KE;Kenya;1208333;20;Africa/Nairobi;-4.05466, 39.66359
138461;268743;Ra's Bayrut;LB;Lebanon;1251739;35;Asia/Beirut;33.9, 35.48333
139107;1786217;Yongzhou;CN;China;1020715;101;Asia/Shanghai;26.42389, 111.61306
139146;1797353;Quanzhou;CN;China;1469157;14;Asia/Shanghai;24.91389, 118.58583
139154;1800146;Nanchong;CN;China;1858875;287;Asia/Shanghai;30.79508, 106.08473
139162;1802206;Lu'an;CN;China;1644344;81;Asia/Shanghai;31.73561, 116.51688
139170;1805953;Jiaxing;CN;China;1180000;8;Asia/Shanghai;30.7522, 120.75
139182;1810845;Fuyang;CN;China;1768947;31;Asia/Shanghai;32.9, 115.81667
139250;10942359;Baoji;CN;China;1437802;567;Asia/Shanghai;34.36775, 107.23705
139577;587084;Baku;AZ;Azerbaijan;1116513;-23;Asia/Baku;40.37767, 49.89201
139834;2293538;Abidjan;CI;Côte d'Ivoire;6321017;50;Africa/Abidjan;5.35444, -4.00167
140509;1723510;Budta;PH;Philippines;1273715;4;Asia/Manila;7.20417, 124.43972
141809;3648522;Barquisimeto;VE;Venezuela, Bolivarian Rep. of;1240714;606;America/Caracas;10.0647, -69.35703
141883;1070940;Antananarivo;MG;Madagascar;1349501;1274;Indian/Antananarivo;-18.91368, 47.53613
142611;250441;Amman;JO;Jordan;1275857;757;Asia/Amman;31.95522, 35.94503
142628;1863967;Fukuoka;JP;Japan;1603543;3;Asia/Tokyo;33.6, 130.41667
142683;1842485;Goyang-si;KR;Korea, Republic of;1073069;19;Asia/Seoul;37.65639, 126.835
142719;2274895;Monrovia;LR;Liberia;1542549;32;Africa/Monrovia;6.30054, -10.7969
143367;1794903;Shiyan;CN;China;3460000;247;Asia/Shanghai;32.6475, 110.77806
143389;1805518;Jining;CN;China;1241012;43;Asia/Shanghai;35.405, 116.58139
143396;1806535;Huzhou;CN;China;1015937;6;Asia/Shanghai;30.8703, 120.0933
143410;1815286;Chengdu;CN;China;13568357;499;Asia/Shanghai;30.66667, 104.06667
144874;1268295;Kalyan;IN;India;1262255;10;Asia/Kolkata;19.2437, 73.13554
144881;1269515;Jaipur;IN;India;2711758;435;Asia/Kolkata;26.91962, 75.78781
144944;115019;Shiraz;IR;Iran, Islamic Rep. of;1249942;1545;Asia/Tehran;29.61031, 52.53113
146093;1502026;Krasnoyarsk;RU;Russian Federation;1090811;140;Asia/Krasnoyarsk;56.01839, 92.86717
146906;4699066;Houston;US;United States;2304580;30;America/Chicago;29.76328, -95.36327
